Domain,Status,Attractiveness,Demand,Length,Sectors,Created,Expires,Registrar
one.viajes,available,132,44%,3,"Business,General,Media,Technology",,,
brief.viajes,available,124,19%,5,"Business,Education,General,Law",,,
second.viajes,available,120,23%,6,"General,Mathematics",,,
complete.viajes,available,120,21%,8,"Manufacturing,Retail,Technology",,,
wizard.viajes,available,118,42%,6,"Entertainment,Media,Technology",,,
equal.viajes,available,116,19%,5,"Education,General,Law",,,
flat.viajes,available,116,24%,4,"Construction,Real Estate",,,
tenth.viajes,available,116,7%,5,Mathematics,,,
tonic.viajes,available,114,22%,5,"Health and Fitness,Medicine,Science",,,
acute.viajes,available,112,9%,5,"Mathematics,Medicine,Science",,,
hotshot.viajes,available,112,14%,7,"Business,Entertainment,Sports",,,
above.viajes,available,112,22%,5,Business,,,
zero.viajes,available,112,49%,4,Mathematics,,,
abstract.viajes,available,108,29%,8,"Arts,Humanities,Science",,,
abiding.viajes,available,106,5%,7,"General,Religion",,,
active.viajes,available,104,27%,6,"Health and Fitness,Sports,Travel",,,
expert.viajes,available,104,26%,6,"Business,Education,Technology",,,
teen.viajes,available,104,14%,4,"Education,Entertainment,Healthcare",,,
absent.viajes,available,102,8%,6,"Business,Education,Technology",,,
extra.viajes,available,102,26%,5,"Fashion,Retail,Technology",,,
captive.viajes,available,102,14%,7,"Entertainment,Hospitality,Technology",,,
eight.viajes,available,102,23%,5,"General,Mathematics",,,
sixth.viajes,available,100,8%,5,Mathematics,,,
adjunct.viajes,available,100,5%,7,Education,,,
abrupt.viajes,available,100,3%,6,"Medicine,Science",,,
whiz.viajes,available,100,12%,4,"Business,Education,Technology",,,
remove.viajes,available,100,13%,6,"Construction,Manufacturing,Technology",,,
ninth.viajes,available,100,9%,5,Mathematics,,,
eighth.viajes,available,100,6%,6,Mathematics,,,
third.viajes,available,100,16%,5,Mathematics,,,
crack.viajes,available,100,20%,5,Sports,,,
whizz.viajes,available,98,11%,5,"Business,Education,Technology",,,
alamode.viajes,available,96,12%,9,Fashion,,,
actual.viajes,available,96,22%,6,"Real Estate,Retail,Technology",,,
forgiving.viajes,available,96,3%,9,"Healthcare,Religion",,,
academic.viajes,available,96,20%,8,"Education,Humanities,Science",,,
doable.viajes,available,96,9%,6,"Business,Education,Technology",,,
virtuoso.viajes,available,94,16%,8,"Arts,Entertainment",,,
around.viajes,available,94,22%,6,"Business,General,Media,Technology",,,
adequate.viajes,available,94,9%,8,"Education,Healthcare,Technology",,,
about.viajes,available,94,28%,5,"Business,General,Media,Technology",,,
abject.viajes,available,94,7%,6,Humanities,,,
derelict.viajes,available,92,7%,8,"Construction,Real Estate",,,
adept.viajes,available,92,24%,5,"Education,Health and Fitness,Sports",,,
abroad.viajes,available,92,12%,6,"Hospitality,Travel",,,
neutral.viajes,available,92,20%,7,"Business,Media,Politics",,,
exemplary.viajes,available,92,5%,9,"Business,Education,Healthcare",,,
adjective.viajes,available,92,5%,9,Education,,,
next.viajes,available,92,43%,4,"Retail,Technology,Transportation",,,
twentieth.viajes,available,92,3%,9,Mathematics,,,
nought.viajes,available,92,4%,6,Mathematics,,,
gripping.viajes,available,90,3%,8,"Entertainment,Media,Technology",,,
clear.viajes,available,90,47%,5,"Manufacturing,Retail,Technology",,,
leash.viajes,available,90,7%,5,"General,Health and Fitness,Retail",,,
addictive.viajes,available,90,9%,9,Healthcare,,,
abortive.viajes,available,90,1%,8,"Medicine,Science",,,
endearing.viajes,available,90,1%,9,"Entertainment,Fashion,Retail",,,
additional.viajes,available,90,8%,10,"Fashion,Retail,Technology",,,
riveting.viajes,available,90,6%,8,"Entertainment,Media,Technology",,,
adoring.viajes,available,90,2%,7,"Entertainment,Fashion,Retail",,,
fifteen.viajes,available,88,13%,7,Mathematics,,,
three.viajes,available,88,24%,5,Mathematics,,,
sixteen.viajes,available,88,11%,7,Mathematics,,,
twelve.viajes,available,88,18%,6,"General,Mathematics",,,
activist.viajes,available,88,12%,8,"Humanities,Politics",,,
wide.viajes,available,88,18%,4,"Business,Media,Technology",,,
eleven.viajes,available,88,33%,6,Mathematics,,,
actionable.viajes,available,88,13%,10,"Business,Law",,,
proficient.viajes,available,88,8%,10,"Education,Health and Fitness,Sports",,,
ten.viajes,available,88,28%,3,"General,Mathematics",,,
adlib.viajes,available,88,7%,6,Entertainment,,,
hundred.viajes,available,88,14%,7,Mathematics,,,
ace.viajes,available,88,34%,3,Sports,,,
cipher.viajes,available,86,29%,6,Mathematics,,,
intent.viajes,available,86,25%,6,"Business,Education,Technology",,,
xiv.viajes,available,86,12%,3,Mathematics,,,
aboriginal.viajes,available,86,10%,10,Humanities,,,
star.viajes,available,86,40%,4,"Entertainment,Media,Sports",,,
engrossing.viajes,available,86,0%,10,"Entertainment,Media,Technology",,,
extempore.viajes,available,86,3%,9,Entertainment,,,
xix.viajes,available,86,11%,3,Mathematics,,,
recondite.viajes,available,86,4%,9,"Arts,Humanities,Science",,,
attendant.viajes,available,86,5%,9,"Healthcare,Hospitality,Transportation",,,
adolescent.viajes,available,86,3%,10,"Education,Entertainment,Healthcare",,,
sharp.viajes,available,84,34%,5,"Arts,Fashion",,,
acting.viajes,available,84,12%,6,Entertainment,,,
thousand.viajes,available,84,8%,8,Mathematics,,,
deviate.viajes,available,84,12%,7,"Medicine,Science",,,
fourteen.viajes,available,84,8%,8,Mathematics,,,
nineteen.viajes,available,84,8%,8,Mathematics,,,
grand.viajes,available,84,25%,5,"Finance,General",,,
thirteen.viajes,available,84,10%,8,Mathematics,,,
accessory.viajes,available,84,8%,9,"Fashion,Retail,Technology",,,
twentyone.viajes,available,84,13%,10,Mathematics,,,
adjustable.viajes,available,84,3%,10,"Manufacturing,Retail,Technology",,,
twentytwo.viajes,available,84,11%,10,Mathematics,,,
seventeen.viajes,available,84,7%,9,Mathematics,,,
altered.viajes,available,82,9%,7,"Medicine,Science",,,
decade.viajes,available,82,10%,6,Mathematics,,,
impromptu.viajes,available,82,16%,9,Entertainment,,,
enduring.viajes,available,82,9%,8,"Health and Fitness,Religion",,,
absorbent.viajes,available,82,3%,9,"Healthcare,Manufacturing,Retail",,,
good.viajes,available,82,47%,4,"Food and Beverage,General,Health and Fitness,Retail",,,
cleansing.viajes,available,82,3%,9,Health and Fitness,,,
abenaki.viajes,available,82,2%,7,Geography,,,
abkhaz.viajes,available,82,1%,6,Geography,,,
fivesome.viajes,available,82,1%,8,Sports,,,
dozen.viajes,available,82,10%,5,Mathematics,,,
abdominal.viajes,available,82,1%,9,"Health and Fitness,Medicine",,,
abroach.viajes,available,82,1%,7,Food and Beverage,,,
adoptable.viajes,available,80,3%,9,"Education,Healthcare",,,
forty.viajes,available,80,9%,5,Mathematics,,,
two.viajes,available,80,24%,3,Mathematics,,,
able.viajes,available,80,29%,4,"Business,Education,General,Technology",,,
twenty.viajes,available,80,12%,6,Mathematics,,,
absorbable.viajes,available,80,0%,10,"Healthcare,Pharmaceuticals,Science",,,
worshipful.viajes,available,80,1%,10,"Education,Healthcare,Religion",,,
wiz.viajes,available,80,30%,3,"Business,Education,Technology",,,
seventh.viajes,available,80,10%,7,Mathematics,,,
absolute.viajes,available,80,25%,8,"Engineering,Mathematics,Science",,,
trio.viajes,available,80,21%,4,Entertainment,,,
some.viajes,available,80,32%,4,"Business,Media,Retail",,,
nine.viajes,available,80,24%,4,"General,Mathematics",,,
capable.viajes,available,80,12%,7,"Business,Education,Technology",,,
yard.viajes,available,80,26%,4,"Construction,General",,,
abundant.viajes,available,80,19%,8,"Agriculture,Manufacturing,Retail",,,
first.viajes,available,80,36%,5,"General,Mathematics",,,
absurd.viajes,available,80,16%,6,"Arts,Entertainment,Media",,,
superstar.viajes,available,80,18%,9,Entertainment,,,
dorsal.viajes,available,80,6%,6,"Medicine,Science",,,
sequent.viajes,available,80,7%,7,"Healthcare,Insurance,Transportation",,,
sixtynine.viajes,available,78,8%,10,Mathematics,,,
accepted.viajes,available,78,6%,8,"Business,Education,Technology",,,
recognised.viajes,available,78,3%,10,"Business,Education,Technology",,,
honestly.viajes,available,78,9%,8,"Business,Law",,,
low.viajes,available,78,20%,3,"Business,Finance",,,
accidental.viajes,available,78,11%,10,"Healthcare,Insurance,Transportation",,,
recognized.viajes,available,78,3%,10,"Business,Education,Technology",,,
adrenal.viajes,available,78,4%,7,"Education,Healthcare,Science",,,
absorptive.viajes,available,78,1%,10,"Healthcare,Manufacturing,Retail",,,
adjacent.viajes,available,78,9%,8,"Construction,Real Estate,Retail",,,
athletic.viajes,available,78,15%,8,"Health and Fitness,Sports",,,
acceptable.viajes,available,78,5%,10,"Business,Hospitality,Retail",,,
acceptant.viajes,available,78,1%,9,"Education,Healthcare",,,
abounding.viajes,available,78,2%,9,Agriculture,,,
dormant.viajes,available,78,4%,7,"Medicine,Science",,,
accessible.viajes,available,78,21%,10,"Healthcare,Retail,Technology",,,
adorable.viajes,available,78,8%,8,"Entertainment,Fashion,Retail",,,
abkhazian.viajes,available,78,1%,9,Geography,,,
abkhasian.viajes,available,78,1%,9,Geography,,,
accurate.viajes,available,78,16%,8,"Engineering,Mathematics,Science",,,
twentysix.viajes,available,78,8%,10,Mathematics,,,
thousandth.viajes,available,76,1%,10,Mathematics,,,
abrasive.viajes,available,76,6%,8,"Construction,Manufacturing",,,
adipose.viajes,available,76,2%,7,"Healthcare,Science",,,
nineteenth.viajes,available,76,3%,10,Mathematics,,,
energizing.viajes,available,76,3%,10,"Food and Beverage,Health and Fitness,Travel",,,
auxiliary.viajes,available,76,7%,9,"Healthcare,Manufacturing,Technology",,,
firstrate.viajes,available,76,6%,10,Business,,,
adhesive.viajes,available,76,7%,8,"Construction,Manufacturing,Technology",,,
diamond.viajes,available,76,32%,7,Fashion,,,
adaptive.viajes,available,76,28%,8,"Business,Education,Technology",,,
fifteenth.viajes,available,76,2%,9,Mathematics,,,
ague.viajes,available,76,2%,4,"Geography,Medicine,Science",,,
ventral.viajes,available,76,3%,7,Science,,,
thirteenth.viajes,available,76,4%,10,Mathematics,,,
resultant.viajes,available,76,2%,9,"Healthcare,Insurance,Transportation",,,
fourteenth.viajes,available,76,1%,10,Mathematics,,,
obscene.viajes,available,76,5%,7,"Entertainment,Media",,,
eighteen.viajes,available,76,7%,8,Mathematics,,,
threed.viajes,available,76,7%,7,Technology,,,
addable.viajes,available,76,2%,7,"Engineering,Mathematics,Science",,,
adherent.viajes,available,76,4%,8,"Politics,Religion",,,
improvise.viajes,available,76,4%,9,Entertainment,,,
acoustic.viajes,available,76,14%,8,Science,,,
adaptable.viajes,available,76,9%,9,"Business,Education,Technology",,,
hundredth.viajes,available,76,1%,9,Mathematics,,,
ancillary.viajes,available,76,6%,9,"Healthcare,Manufacturing,Technology",,,
incidental.viajes,available,76,4%,10,"Healthcare,Insurance,Transportation",,,
mavin.viajes,available,74,7%,5,"Entertainment,Fashion,Technology",,,
skilful.viajes,available,74,3%,7,"Education,Health and Fitness,Sports",,,
accepting.viajes,available,74,3%,9,"Education,Healthcare",,,
adenoid.viajes,available,74,1%,7,"Health and Fitness,Medicine,Science",,,
activated.viajes,available,74,9%,9,"Healthcare,Manufacturing,Technology",,,
broad.viajes,available,74,13%,5,"Entertainment,General,Media",,,
manageable.viajes,available,74,4%,10,"Business,Education,Technology",,,
realizable.viajes,available,74,1%,10,"Business,Education,Technology",,,
adrenergic.viajes,available,74,1%,10,"Education,Healthcare,Science",,,
playing.viajes,available,74,12%,7,Entertainment,,,
achievable.viajes,available,74,4%,10,"Business,Education,Technology",,,
abnormal.viajes,available,74,16%,8,"Medicine,Science",,,
single.viajes,available,74,19%,6,Sports,,,
sensation.viajes,available,74,7%,9,"Entertainment,Media,Sports",,,
supra.viajes,available,74,25%,5,"Medicine,Science",,,
adapted.viajes,available,74,6%,7,"Healthcare,Manufacturing,Technology",,,
acuate.viajes,available,74,2%,6,"Engineering,Medicine,Science",,,
aberrant.viajes,available,74,6%,8,"Medicine,Science",,,
admirable.viajes,available,74,5%,9,"Business,Education,Healthcare",,,
adamant.viajes,available,74,14%,7,Religion,,,
cleared.viajes,available,74,7%,7,"Healthcare,Law,Transportation",,,
absolutist.viajes,available,72,1%,10,"Humanities,Law,Politics",,,
accustomed.viajes,available,72,1%,10,"Business,Education,Humanities",,,
adjunctive.viajes,available,72,1%,10,"Healthcare,Manufacturing,Technology",,,
eightieth.viajes,available,72,1%,9,Mathematics,,,
existent.viajes,available,72,3%,8,"Mathematics,Science",,,
adiabatic.viajes,available,72,3%,9,"Engineering,Science",,,
addicted.viajes,available,72,9%,8,Healthcare,,,
absorbed.viajes,available,72,2%,8,"Entertainment,Media,Technology",,,
abloom.viajes,available,72,5%,6,Agriculture,,,
adjectival.viajes,available,72,1%,10,Education,,,
trinity.viajes,available,72,18%,7,Religion,,,
champion.viajes,available,72,28%,8,"Entertainment,Health and Fitness,Sports",,,
ablaze.viajes,available,72,6%,6,Entertainment,,,
improvize.viajes,available,72,1%,9,Entertainment,,,
adaptative.viajes,available,72,1%,10,"Business,Education,Technology",,,
lovely.viajes,available,72,26%,6,"Entertainment,Fashion,Retail",,,
abreast.viajes,available,72,2%,7,"Business,Technology",,,
accusative.viajes,available,72,0%,10,"Humanities,Law",,,
ninetieth.viajes,available,72,1%,9,Mathematics,,,
trey.viajes,available,72,14%,4,Sports,,,
seventieth.viajes,available,72,1%,10,Mathematics,,,
aching.viajes,available,72,4%,6,Healthcare,,,
deep.viajes,available,72,41%,4,"Engineering,Mathematics,Science",,,
ternary.viajes,available,72,7%,7,Mathematics,,,
adonic.viajes,available,72,2%,6,"Arts,Education,Entertainment",,,
liv.viajes,available,72,27%,3,Mathematics,,,
sixtieth.viajes,available,72,1%,8,Mathematics,,,
engrossed.viajes,available,72,1%,9,"Entertainment,Media,Technology",,,
recumbent.viajes,available,70,2%,9,"Healthcare,Medicine,Science",,,
consequent.viajes,available,70,3%,10,"Business,Education,General,Technology",,,
stillborn.viajes,available,70,2%,9,"Medicine,Science",,,
lowdown.viajes,available,70,6%,8,"Entertainment,Media",,,
miserable.viajes,available,70,4%,9,Humanities,,,
adjusted.viajes,available,70,5%,8,"Manufacturing,Retail,Technology",,,
absorbing.viajes,available,70,3%,9,"Entertainment,Media,Technology",,,
skillful.viajes,available,70,9%,8,"Education,Health and Fitness,Sports",,,
abradant.viajes,available,70,1%,8,"Construction,Manufacturing",,,
accumbent.viajes,available,70,1%,9,"Healthcare,Medicine,Science",,,
abulic.viajes,available,70,1%,6,Medicine,,,
gymnastic.viajes,available,70,3%,9,"Entertainment,Sports",,,
offhand.viajes,available,70,2%,7,Entertainment,,,
acuminate.viajes,available,70,1%,9,"Engineering,Medicine,Science",,,
adamantine.viajes,available,70,4%,10,Religion,,,
adored.viajes,available,70,6%,6,"Entertainment,Fashion,Retail",,,
practiced.viajes,available,70,3%,9,"Education,Health and Fitness,Sports",,,
tiptop.viajes,available,70,24%,6,Fashion,,,
unity.viajes,available,70,40%,5,Mathematics,,,
admired.viajes,available,70,5%,7,"Business,Education,Healthcare",,,
foursome.viajes,available,68,4%,8,Sports,,,
aberdonian.viajes,available,68,1%,10,Geography,,,
sevener.viajes,available,68,1%,7,Mathematics,,,
activating.viajes,available,68,3%,10,"Healthcare,Manufacturing,Technology",,,
licensed.viajes,available,68,5%,8,"Business,Healthcare,Insurance",,,
abducent.viajes,available,68,0%,8,Medicine,,,
abkhas.viajes,available,68,0%,6,Geography,,,
disciple.viajes,available,68,14%,8,"Education,Religion",,,
aroused.viajes,available,68,3%,7,"Entertainment,Health and Fitness",,,
decorated.viajes,available,68,3%,9,"Entertainment,Fashion,Retail",,,
achaian.viajes,available,68,2%,7,Humanities,,,
ane.viajes,available,68,12%,3,Mathematics,,,
octonary.viajes,available,68,1%,8,Mathematics,,,
thirtieth.viajes,available,68,1%,9,Mathematics,,,
threesome.viajes,available,68,5%,9,Entertainment,,,
abnaki.viajes,available,68,1%,6,Geography,,,
acerate.viajes,available,68,1%,7,Science,,,
licenced.viajes,available,68,2%,8,"Business,Healthcare,Insurance",,,
achaean.viajes,available,68,2%,7,Humanities,,,
septenary.viajes,available,68,1%,9,Mathematics,,,
aculeate.viajes,available,68,1%,8,"Engineering,Medicine,Science",,,
fortieth.viajes,available,68,0%,8,Mathematics,,,
ablative.viajes,available,68,3%,8,Science,,,
fiftieth.viajes,available,68,0%,8,Mathematics,,,
stygian.viajes,available,68,5%,7,Humanities,,,
accredited.viajes,available,68,9%,10,"Business,Education,Healthcare",,,
vindicated.viajes,available,68,2%,10,"Humanities,Law,Politics",,,
ennead.viajes,available,68,5%,6,Mathematics,,,
overseas.viajes,available,68,12%,8,"Hospitality,Travel",,,
scurvy.viajes,available,68,3%,6,Humanities,,,
xxv.viajes,available,66,6%,3,Mathematics,,,
xxi.viajes,available,66,10%,3,Mathematics,,,
teenager.viajes,available,66,4%,8,"Education,Entertainment,Healthcare",,,
xii.viajes,available,66,10%,3,Mathematics,,,
deuce.viajes,available,66,9%,5,Sports,,,
ninety.viajes,available,66,11%,6,Mathematics,,,
eighty.viajes,available,66,6%,6,Mathematics,,,
onec.viajes,available,66,6%,5,Mathematics,,,
adorned.viajes,available,66,5%,7,"Entertainment,Fashion,Retail",,,
acervate.viajes,available,66,1%,8,Science,,,
acrobatic.viajes,available,66,4%,9,"Entertainment,Sports",,,
xvii.viajes,available,66,5%,4,Mathematics,,,
xxvi.viajes,available,66,3%,4,Mathematics,,,
modish.viajes,available,66,5%,6,Fashion,,,
adopted.viajes,available,66,4%,7,"Education,Healthcare",,,
six.viajes,available,66,26%,3,Mathematics,,,
performing.viajes,available,66,6%,10,Entertainment,,,
fifty.viajes,available,66,12%,5,Mathematics,,,
four.viajes,available,66,27%,4,Mathematics,,,
five.viajes,available,66,26%,4,Mathematics,,,
xvi.viajes,available,66,5%,3,Mathematics,,,
xxii.viajes,available,66,6%,4,Mathematics,,,
according.viajes,available,66,3%,9,"Business,Education,Technology",,,
latest.viajes,available,66,18%,6,Technology,,,
maven.viajes,available,66,30%,5,"Entertainment,Fashion,Technology",,,
tenner.viajes,available,66,5%,6,Finance,,,
century.viajes,available,66,17%,7,Education,,,
xiii.viajes,available,66,9%,4,Mathematics,,,
exonerated.viajes,available,66,2%,10,"Humanities,Law,Politics",,,
thirty.viajes,available,66,8%,6,Mathematics,,,
xviii.viajes,available,66,5%,5,Mathematics,,,
acappella.viajes,available,66,6%,10,Entertainment,,,
accessary.viajes,available,66,1%,9,"Business,Law,Technology",,,
buzzing.viajes,available,66,7%,7,"Entertainment,Media,Technology",,,
sextet.viajes,available,66,1%,6,Entertainment,,,
abstinent.viajes,available,66,1%,9,"Health and Fitness,Religion",,,
clv.viajes,available,66,10%,3,Mathematics,,,
adagio.viajes,available,64,14%,6,Entertainment,,,
ccc.viajes,available,64,38%,3,Mathematics,,,
absolved.viajes,available,64,1%,8,"Humanities,Law,Religion",,,
astringent.viajes,available,64,1%,10,"Healthcare,Pharmaceuticals",,,
deviant.viajes,available,64,12%,7,"Medicine,Science",,,
accordant.viajes,available,64,3%,9,"Arts,Entertainment",,,
rising.viajes,available,64,18%,6,"Construction,Manufacturing,Real Estate",,,
aflame.viajes,available,64,3%,6,Entertainment,,,
nondrinker.viajes,available,64,1%,10,"Health and Fitness,Religion",,,
acentric.viajes,available,64,2%,8,Science,,,
scatty.viajes,available,64,1%,6,"Arts,Entertainment,Media",,,
adjuvant.viajes,available,62,5%,8,"Healthcare,Manufacturing,Technology",,,
playacting.viajes,available,62,1%,10,Entertainment,,,
admissible.viajes,available,62,1%,10,"Education,Healthcare,Law",,,
roughly.viajes,available,62,3%,7,"Business,Media,Technology",,,
abo.viajes,available,62,15%,3,Science,,,
exculpated.viajes,available,62,1%,10,"Humanities,Law,Politics",,,
sixteenth.viajes,available,62,1%,9,Mathematics,,,
acidic.viajes,available,62,5%,6,"Food and Beverage,Science",,,
activation.viajes,available,62,16%,10,"Healthcare,Manufacturing,Technology",,,
quartet.viajes,available,62,7%,7,"Arts,Entertainment",,,
pungent.viajes,available,62,1%,7,Food and Beverage,,,
ensuant.viajes,available,62,1%,7,"Healthcare,Insurance,Transportation",,,
fortyfour.viajes,available,62,6%,10,Mathematics,,,
chiliad.viajes,available,62,2%,7,Mathematics,,,
wrapped.viajes,available,62,13%,7,"Fashion,Hospitality,Retail",,,
aufait.viajes,available,62,3%,7,"Fashion,Media",,,
accusing.viajes,available,62,1%,8,Law,,,
nail.viajes,available,62,16%,4,"Construction,Fashion,General,Retail",,,
eleventh.viajes,available,62,5%,8,Mathematics,,,
accrued.viajes,available,62,2%,7,"Banking,Finance,Insurance",,,
aborigine.viajes,available,62,1%,9,Humanities,,,
twodozen.viajes,available,62,1%,9,Mathematics,,,
longdozen.viajes,available,62,2%,10,Mathematics,,,
orso.viajes,available,62,9%,5,"Business,Media,Technology",,,
eighteenth.viajes,available,62,1%,10,Mathematics,,,
troika.viajes,available,62,8%,6,Politics,,,
adoptive.viajes,available,62,1%,8,"Education,Healthcare",,,
cumulative.viajes,available,62,2%,10,"Banking,Finance,Insurance",,,
activistic.viajes,available,62,1%,10,"Humanities,Politics",,,
aboveboard.viajes,available,60,5%,10,"Business,Law",,,
clxxv.viajes,available,60,1%,5,Mathematics,,,
adnexal.viajes,available,60,1%,7,"Agriculture,Manufacturing,Retail",,,
abstainer.viajes,available,60,0%,9,"Health and Fitness,Religion",,,
eightysix.viajes,available,60,7%,10,Mathematics,,,
tertiary.viajes,available,60,4%,8,Education,,,
cxx.viajes,available,60,10%,3,Mathematics,,,
xcl.viajes,available,60,5%,3,Mathematics,,,
idolized.viajes,available,60,3%,8,"Entertainment,Fashion,Retail",,,
cxlv.viajes,available,60,2%,4,Mathematics,,,
abstemious.viajes,available,60,0%,10,"Food and Beverage,Health and Fitness,Hospitality",,,
clxx.viajes,available,60,3%,4,Mathematics,,,
octet.viajes,available,60,12%,5,Arts,,,
cxxxv.viajes,available,60,2%,5,Mathematics,,,
thou.viajes,available,60,7%,4,Mathematics,,,
adnate.viajes,available,60,1%,6,"Agriculture,Manufacturing,Retail",,,
acceptive.viajes,available,60,1%,9,"Education,Healthcare",,,
cxxx.viajes,available,60,4%,4,Mathematics,,,
cxl.viajes,available,60,7%,3,Mathematics,,,
annexal.viajes,available,60,1%,7,"Agriculture,Manufacturing,Retail",,,
cxxv.viajes,available,60,1%,4,Mathematics,,,
paunchy.viajes,available,60,0%,7,"Health and Fitness,Medicine",,,
abashed.viajes,available,60,1%,7,Humanities,,,
clx.viajes,available,60,10%,3,Mathematics,,,
sixty.viajes,available,60,13%,5,Mathematics,,,
clxv.viajes,available,60,1%,4,Mathematics,,,
clxxx.viajes,available,60,1%,5,Mathematics,,,
cautionary.viajes,available,60,1%,10,"Business,Education,Healthcare",,,
idolised.viajes,available,60,1%,8,"Entertainment,Fashion,Retail",,,
cxv.viajes,available,60,4%,3,Mathematics,,,
tercet.viajes,available,59,2%,6,"Arts,Entertainment,Media",,,
sextuplet.viajes,available,58,1%,9,Healthcare,,,
quintet.viajes,available,58,8%,7,"Arts,Entertainment",,,
actuarial.viajes,available,58,8%,9,"Finance,Insurance,Mathematics",,,
enwrapped.viajes,available,58,0%,9,"Entertainment,Fashion,Media",,,
fifth.viajes,available,58,12%,5,Mathematics,,,
alacarte.viajes,available,58,11%,10,Food and Beverage,,,
addressed.viajes,available,58,3%,9,"Business,Technology,Telecommunications",,,
abandoned.viajes,available,58,10%,9,"Construction,Real Estate",,,
sixtyone.viajes,available,58,3%,9,Mathematics,,,
seventy.viajes,available,58,7%,7,Mathematics,,,
seven.viajes,available,58,36%,5,Mathematics,,,
fourth.viajes,available,58,13%,6,Mathematics,,,
adient.viajes,available,58,4%,6,"Medicine,Science",,,
adhoc.viajes,available,58,24%,6,"Business,Engineering,Technology",,,
octad.viajes,available,58,5%,5,Mathematics,,,
centesimal.viajes,available,58,1%,10,Mathematics,,,
linear.viajes,available,58,22%,6,"Engineering,Mathematics,Science",,,
hexad.viajes,available,58,4%,5,Mathematics,,,
accoutred.viajes,available,58,1%,9,"Fashion,Manufacturing,Retail",,,
abridged.viajes,available,58,4%,8,Media,,,
aucourant.viajes,available,58,3%,10,"Fashion,Media",,,
lxxx.viajes,available,58,2%,4,Mathematics,,,
ache.viajes,available,58,7%,4,Healthcare,,,
accretive.viajes,available,58,6%,9,"Banking,Finance,Insurance",,,
abuzz.viajes,available,58,5%,5,"Entertainment,Media,Technology",,,
abused.viajes,available,58,5%,6,"Healthcare,Law",,,
tetrad.viajes,available,58,5%,6,Mathematics,,,
acyclic.viajes,available,58,4%,7,"Engineering,Mathematics,Science",,,
twelfth.viajes,available,58,2%,7,Mathematics,,,
cypher.viajes,available,58,29%,6,Mathematics,,,
justabout.viajes,available,58,3%,10,"Business,Media,Technology",,,
fourscore.viajes,available,58,4%,9,Mathematics,,,
offhanded.viajes,available,58,1%,9,Entertainment,,,
eighter.viajes,available,58,2%,7,Mathematics,,,
niner.viajes,available,58,5%,5,Mathematics,,,
adjustive.viajes,available,58,1%,9,"Manufacturing,Retail,Technology",,,
addible.viajes,available,58,2%,7,"Engineering,Mathematics,Science",,,
sixer.viajes,available,58,5%,5,Sports,,,
closeto.viajes,available,58,3%,8,"Business,Media,Technology",,,
acetic.viajes,available,58,1%,6,"Food and Beverage,Science",,,
pentad.viajes,available,58,2%,6,Mathematics,,,
heptad.viajes,available,58,1%,6,Mathematics,,,
accented.viajes,available,58,3%,8,"Arts,Entertainment",,,
lxxviii.viajes,available,58,1%,7,Mathematics,,,
xlvii.viajes,available,56,2%,5,Mathematics,,,
aone.viajes,available,56,15%,5,Food and Beverage,,,
xxviii.viajes,available,56,1%,6,Mathematics,,,
xxvii.viajes,available,56,3%,5,Mathematics,,,
abdominous.viajes,available,56,0%,10,"Health and Fitness,Medicine",,,
xli.viajes,available,56,5%,3,Mathematics,,,
fortynine.viajes,available,56,3%,10,Mathematics,,,
lii.viajes,available,56,7%,3,Mathematics,,,
maledict.viajes,available,56,1%,8,Religion,,,
admittable.viajes,available,56,1%,10,"Education,Healthcare,Hospitality",,,
triad.viajes,available,56,15%,5,Arts,,,
xxxiii.viajes,available,56,2%,6,Mathematics,,,
potbellied.viajes,available,56,0%,10,"Health and Fitness,Medicine",,,
xlviii.viajes,available,56,1%,6,Mathematics,,,
fiftyfive.viajes,available,56,7%,10,Mathematics,,,
appressed.viajes,available,56,0%,9,"Agriculture,Manufacturing,Retail",,,
xlvi.viajes,available,56,3%,4,Mathematics,,,
fortytwo.viajes,available,56,17%,9,Mathematics,,,
fiftyfour.viajes,available,56,3%,10,Mathematics,,,
halfdozen.viajes,available,56,1%,10,Mathematics,,,
fortysix.viajes,available,56,3%,9,Mathematics,,,
lvi.viajes,available,56,8%,3,Mathematics,,,
accoutered.viajes,available,56,0%,10,"Fashion,Manufacturing,Retail",,,
thirtysix.viajes,available,56,5%,10,Mathematics,,,
xlii.viajes,available,56,5%,4,Mathematics,,,
fiftysix.viajes,available,56,4%,9,Mathematics,,,
admittible.viajes,available,56,1%,10,"Education,Healthcare,Hospitality",,,
thirtyone.viajes,available,56,5%,10,Mathematics,,,
liii.viajes,available,56,4%,4,Mathematics,,,
thirtytwo.viajes,available,56,5%,10,Mathematics,,,
abeyant.viajes,available,56,1%,7,"Business,Law",,,
xxxii.viajes,available,56,1%,5,Mathematics,,,
xliv.viajes,available,56,2%,4,Mathematics,,,
admissive.viajes,available,56,1%,9,"Education,Healthcare,Hospitality",,,
xliii.viajes,available,56,1%,5,Mathematics,,,
xxiii.viajes,available,56,5%,5,Mathematics,,,
addled.viajes,available,56,2%,6,Entertainment,,,
lviii.viajes,available,56,1%,5,Mathematics,,,
ilx.viajes,available,56,5%,3,Mathematics,,,
xxix.viajes,available,56,4%,4,Mathematics,,,
xxxi.viajes,available,56,9%,4,Mathematics,,,
xxxv.viajes,available,56,4%,4,Mathematics,,,
xxxviii.viajes,available,56,1%,7,Mathematics,,,
xxxvii.viajes,available,56,2%,6,Mathematics,,,
fiftyone.viajes,available,56,7%,9,Mathematics,,,
xxxvi.viajes,available,56,1%,5,Mathematics,,,
xxiv.viajes,available,56,5%,4,Mathematics,,,
xxxiv.viajes,available,56,1%,5,Mathematics,,,
xlv.viajes,available,56,6%,3,Mathematics,,,
fiftytwo.viajes,available,56,6%,9,Mathematics,,,
fiftynine.viajes,available,56,4%,10,Mathematics,,,
fortyone.viajes,available,56,4%,9,Mathematics,,,
lvii.viajes,available,56,1%,4,Mathematics,,,
terzetto.viajes,available,56,3%,8,Arts,,,
accursed.viajes,available,54,3%,8,"Entertainment,Media,Religion",,,
achromatic.viajes,available,54,4%,10,Science,,,
adducent.viajes,available,54,1%,8,"Engineering,Mathematics,Science",,,
fortyfive.viajes,available,54,4%,10,Mathematics,,,
quaternity.viajes,available,54,4%,10,Mathematics,,,
actuated.viajes,available,54,2%,8,"Automotive,Manufacturing,Technology",,,
admonitory.viajes,available,54,0%,10,"Business,Education,Healthcare",,,
adducting.viajes,available,54,1%,9,"Engineering,Mathematics,Science",,,
unnatural.viajes,available,54,4%,9,"Medicine,Science",,,
achy.viajes,available,54,3%,4,Healthcare,,,
quaternion.viajes,available,54,6%,10,Mathematics,,,
twoscore.viajes,available,54,2%,8,Mathematics,,,
ternion.viajes,available,54,3%,7,Mathematics,,,
abducens.viajes,available,54,1%,8,Medicine,,,
iii.viajes,available,54,24%,3,Mathematics,,,
adjuratory.viajes,available,54,0%,10,"Law,Politics,Religion",,,
monitory.viajes,available,54,3%,8,"Business,Education,Healthcare",,,
threescore.viajes,available,54,1%,10,Mathematics,,,
abhorrent.viajes,available,54,1%,9,Humanities,,,
accentual.viajes,available,54,3%,9,"Arts,Entertainment",,,
fin.viajes,available,54,30%,3,Finance,,,
aboral.viajes,available,54,2%,6,Science,,,
acoustical.viajes,available,54,4%,10,Science,,,
abasic.viajes,available,54,1%,6,Science,,,
abient.viajes,available,54,1%,6,Science,,,
quintuplet.viajes,available,54,1%,10,"Healthcare,Medicine,Science",,,
sise.viajes,available,54,5%,4,Mathematics,,,
vii.viajes,available,54,13%,3,Mathematics,,,
quadruplet.viajes,available,54,1%,10,"Healthcare,Medicine,Science",,,
viii.viajes,available,54,6%,4,Mathematics,,,
deuceace.viajes,available,54,2%,9,Sports,,,
abaxial.viajes,available,54,1%,7,Science,,,
abatic.viajes,available,54,1%,6,Science,,,
adductive.viajes,available,54,0%,9,"Engineering,Mathematics,Science",,,
deserted.viajes,available,54,3%,8,"Hospitality,Real Estate",,,
scratchy.viajes,available,54,3%,8,Fashion,,,
abatable.viajes,available,54,1%,8,Law,,,
quatern.viajes,available,54,2%,7,Mathematics,,,
adaxial.viajes,available,54,2%,7,Science,,,
topnotch.viajes,available,54,18%,8,Business,,,
adpressed.viajes,available,54,0%,9,"Agriculture,Manufacturing,Retail",,,
septet.viajes,available,53,1%,6,General,,,
xxx.viajes,available,53,30%,3,"Arts,Entertainment,Media",,,
sestet.viajes,available,53,1%,6,Arts,,,
lxiii.viajes,available,52,2%,5,Mathematics,,,
lxiv.viajes,available,52,3%,4,Mathematics,,,
xcvii.viajes,available,52,1%,5,Mathematics,,,
lxxvii.viajes,available,52,2%,6,Mathematics,,,
xcii.viajes,available,52,2%,4,Mathematics,,,
lxii.viajes,available,52,1%,4,Mathematics,,,
lxxxi.viajes,available,52,1%,5,Mathematics,,,
xciv.viajes,available,52,2%,4,Mathematics,,,
lxvi.viajes,available,52,3%,4,Mathematics,,,
lxxxiv.viajes,available,52,1%,6,Mathematics,,,
adenoidal.viajes,available,52,1%,9,"Health and Fitness,Medicine,Science",,,
sixtytwo.viajes,available,52,3%,9,Mathematics,,,
ninetytwo.viajes,available,52,4%,10,Mathematics,,,
decumbent.viajes,available,52,1%,9,"Healthcare,Medicine,Science",,,
tierce.viajes,available,52,3%,6,General,,,
lxxxv.viajes,available,52,1%,5,Mathematics,,,
odious.viajes,available,52,2%,6,"Entertainment,Humanities",,,
lxxxii.viajes,available,52,1%,6,Mathematics,,,
detestable.viajes,available,52,1%,10,Humanities,,,
lxviii.viajes,available,52,1%,6,Mathematics,,,
chagrined.viajes,available,52,1%,9,Humanities,,,
lxi.viajes,available,52,5%,3,Mathematics,,,
lxxvi.viajes,available,52,1%,5,Mathematics,,,
repugnant.viajes,available,52,1%,9,Humanities,,,
ninetysix.viajes,available,52,4%,10,Mathematics,,,
lxxii.viajes,available,52,1%,5,Mathematics,,,
abusive.viajes,available,52,3%,7,"Healthcare,Law",,,
lxxxvi.viajes,available,52,1%,6,Mathematics,,,
sixtyfive.viajes,available,52,3%,10,Mathematics,,,
lxxxiii.viajes,available,52,1%,7,Mathematics,,,
eightytwo.viajes,available,52,4%,10,Mathematics,,,
abstruse.viajes,available,52,5%,8,"Humanities,Mathematics,Science",,,
lxxiv.viajes,available,52,1%,5,Mathematics,,,
xcvi.viajes,available,52,2%,4,Mathematics,,,
lxxxvii.viajes,available,52,1%,7,Mathematics,,,
abominable.viajes,available,52,2%,10,"Entertainment,Humanities",,,
lxv.viajes,available,52,5%,3,Mathematics,,,
xcv.viajes,available,52,7%,3,Mathematics,,,
ninetyone.viajes,available,52,5%,10,Mathematics,,,
aboulic.viajes,available,52,1%,7,Medicine,,,
ixl.viajes,available,52,9%,3,Mathematics,,,
littlejoe.viajes,available,52,2%,10,"Entertainment,Media",,,
lxxiii.viajes,available,52,1%,6,Mathematics,,,
xcviii.viajes,available,52,1%,6,Mathematics,,,
ixc.viajes,available,52,5%,3,Mathematics,,,
xciii.viajes,available,52,1%,5,Mathematics,,,
abysmal.viajes,available,52,4%,7,"Arts,Entertainment,Media",,,
repulsive.viajes,available,52,1%,9,Humanities,,,
sixtysix.viajes,available,52,4%,9,Mathematics,,,
lxxv.viajes,available,52,1%,4,Mathematics,,,
lxxi.viajes,available,52,1%,4,Mathematics,,,
uphill.viajes,available,52,7%,6,"Sports,Transportation,Travel",,,
lxvii.viajes,available,52,1%,5,Mathematics,,,
xci.viajes,available,52,4%,3,Mathematics,,,
ablated.viajes,available,52,1%,7,Science,,,
eightyone.viajes,available,52,3%,10,Mathematics,,,
sixtyfour.viajes,available,52,3%,10,Mathematics,,,
abranchial.viajes,available,50,0%,10,Science,,,
spinous.viajes,available,50,1%,7,"Agriculture,Science",,,
acerb.viajes,available,50,2%,5,Science,,,
acellular.viajes,available,50,1%,9,Science,,,
adhominem.viajes,available,50,2%,10,"Humanities,Law,Politics",,,
cinque.viajes,available,50,7%,6,Mathematics,,,
aborticide.viajes,available,50,0%,10,Medicine,,,
acaudal.viajes,available,50,1%,7,"Agriculture,Science",,,
acapnic.viajes,available,50,0%,7,"Healthcare,Medicine,Science",,,
vinegary.viajes,available,50,1%,8,Food and Beverage,,,
trine.viajes,available,50,11%,5,"General,Religion",,,
abomasal.viajes,available,50,0%,8,Agriculture,,,
acerbic.viajes,available,50,2%,7,"Arts,Humanities,Media",,,
quint.viajes,available,50,13%,5,"Arts,Entertainment",,,
ogdoad.viajes,available,50,1%,6,Mathematics,,,
acetose.viajes,available,50,1%,7,Science,,,
adactylous.viajes,available,50,0%,10,Science,,,
acetous.viajes,available,50,1%,7,Science,,,
abdicable.viajes,available,50,0%,9,Law,,,
broached.viajes,available,50,0%,8,Food and Beverage,,,
gillless.viajes,available,50,0%,9,Science,,,
acapnotic.viajes,available,50,0%,9,"Healthcare,Medicine,Science",,,
acquitted.viajes,available,50,1%,9,Law,,,
abducting.viajes,available,50,0%,9,Medicine,,,
abbatial.viajes,available,50,0%,8,Religion,,,
lxx.viajes,available,50,5%,3,Mathematics,,,
triplet.viajes,available,50,8%,7,Science,,,
abactinal.viajes,available,50,0%,9,Science,,,
scummy.viajes,available,50,1%,6,Humanities,,,
aculeated.viajes,available,50,0%,9,"Engineering,Medicine,Science",,,
acerose.viajes,available,50,1%,7,Science,,,
needlelike.viajes,available,50,0%,10,"Engineering,Medicine,Science",,,
notguilty.viajes,available,48,5%,10,Law,,,
lxxxviii.viajes,available,48,1%,8,Mathematics,,,
apriori.viajes,available,48,13%,8,Mathematics,,,
abyssal.viajes,available,48,12%,7,"Arts,Entertainment,Media",,,
ilxxx.viajes,available,48,1%,5,Mathematics,,,
ilxx.viajes,available,48,1%,4,Mathematics,,,
abstracted.viajes,available,48,5%,10,"Arts,Humanities,Science",,,
execrable.viajes,available,48,0%,9,"Entertainment,Humanities",,,
acephalous.viajes,available,46,1%,10,Science,,,
acarpous.viajes,available,46,0%,8,"Agriculture,Science",,,
stripling.viajes,available,46,2%,9,"Education,Entertainment,Healthcare",,,
achenial.viajes,available,46,1%,8,Science,,,
theabsurd.viajes,available,46,1%,10,"Arts,Entertainment,Media",,,
acanthous.viajes,available,46,0%,9,"Agriculture,Science",,,
vinegarish.viajes,available,46,1%,10,Food and Beverage,,,
stemless.viajes,available,46,2%,8,"Agriculture,Science",,,
acetonic.viajes,available,46,1%,8,Science,,,
acicular.viajes,available,46,2%,8,Science,,,
acetylic.viajes,available,46,1%,8,Science,,,
acetylenic.viajes,available,46,1%,10,Science,,,
acaudate.viajes,available,46,1%,8,"Agriculture,Science",,,
achromous.viajes,available,46,1%,9,Science,,,
achromic.viajes,available,46,2%,8,Science,,,
acetabular.viajes,available,46,1%,10,Science,,,
acarpelous.viajes,available,46,0%,10,"Agriculture,Science",,,
acapnial.viajes,available,46,0%,8,"Healthcare,Medicine,Science",,,
acheronian.viajes,available,46,1%,10,Humanities,,,
quaternary.viajes,available,46,3%,10,Mathematics,,,
acanthotic.viajes,available,46,0%,10,"Agriculture,Science",,,
acanthoid.viajes,available,46,1%,9,"Agriculture,Science",,,
cotyloid.viajes,available,46,1%,8,Science,,,
accusatory.viajes,available,44,1%,10,Law,,,
acherontic.viajes,available,44,1%,10,Humanities,,,
cotyloidal.viajes,available,44,1%,10,Science,,,
abscessed.viajes,available,41,0%,9,Healthcare,,,
phoebe.viajes,available,41,14%,6,Science,,,
accurst.viajes,available,40,1%,7,Religion,,,
scurrilous.viajes,available,40,1%,10,"Entertainment,Media,Politics",,,
accusive.viajes,available,40,1%,8,Law,,,